article	section	paragraph	sentence_idx	sentence_text	statement_idx	statement	John	Corrected Statement John	Kim	Corrected Statement Kim	Lucia	Corrected Statement Lucia	Gold	Corrected Statement Gold
glossa-5270-pineda		Basque is a morphologically ergative language in which intransitive verbs show two different morphological alignments: broadly speaking, agentive verbs usually occur with an ergative subject and the auxiliary edun ‘have’, whereas patientive verbs combine with an absolutive subject and the auxiliary izan ‘be’ (Levin 1983). Nevertheless, there exists some dialectal variation regarding the use of certain agentive verbs, specifically those that convey (non-static) processes, where the subject is interpreted as both the force initiating the process and the entity undergoing it. We will henceforth refer to this group of verbs as agentive process verbs. In Eastern dialects,1 some agentive process verbs combine an absolutive subject with the auxiliary izan ‘be’ (Oyharçabal 1992; Aldai 2006; 2009; 2010; Berro 2010; 2012), thus resembling other ergative – non-active – languages like Warlpiri, Niuean and Samoan, where all intransitive verbs combine with an absolutive subject (Levin 1983; Massam 2009; Tollan 2018). Even if we do not believe that verb meaning by itself (in rough terms, agentive vs. patientive) is a totally reliable predictor of the syntactic behavior of verbs, it is important to pay attention to and account for those cases where semantic generalizations are clearly contravened, as occurs with the verbs under study. With the exception of Levin (1983), previous studies have assumed that the agentive process verbs that combine with an absolutive subject in Eastern dialects are unergative and have accounted independently for the absolutive marking. In fact, these verbs belong to semantic groups that are usually considered unergative (controlled and agentive processes), and include bazkaldu ‘have lunch’, solastatu ‘talk’, borrokatu ‘fight’ or jolastu ‘play’. Moreover, they behave syntactically like unergatives in their inability to undergo causativization (Oyharçabal 2003).	1	Basque is a morphologically ergative language in which intransitive verbs show two different morphological alignments: broadly speaking, agentive verbs usually occur with an ergative subject and the auxiliary edun ‘have’, whereas patientive verbs combine with an absolutive subject and the auxiliary izan ‘be’ (Levin 1983).	1	Basque is a morphologically ergative language (Levin 1983).	problem	Basque is a morphologically ergative language.	problem	Basque is a morphologically ergative language.	ok		problem	
					2	In Basque, intransitive verbs show two different morphological alignments (Levin 1983).	problem	In Basque, intransitive verbs show two different morphological alignments.	problem	In Basque, intransitive verbs show two different morphological alignments.	ok		problem	
					3	In Basque, agentive verbs usually occur with an ergative subject and the auxiliary edun (Levin 1983).	ok		problem	In Basque, agentive verbs usually occur with an ergative subject and the auxiliary edun.	ok		ok	
					4	In Basque, patientive verbs combine with an absolutive subject and the auxiliary izan (Levin 1983).	ok		problem	In Basque, patientive verbs combine with an absolutive subject and the auxiliary izan. Levin 1983 shows that in Basque, patientive verbs combine with an absolutive subject and the auxiliary izan.	ok		ok	
			2	Nevertheless, there exists some dialectal variation regarding the use of certain agentive verbs, specifically those that convey (non-static) processes, where the subject is interpreted as both the force initiating the process and the entity undergoing it.	1	There exists some dialectal variation in Basque regarding the use of certain agentive verbs, specifically those that convey non-static processes, where the subject is interpreted as both the force initiating the process and the entity undergoing it.	ok		ok		ok		ok	
			3	We will henceforth refer to this group of verbs as agentive process verbs.	1	The group of verbs that convey non-static processes, where the subject is interpreted as both the force initiating the process and the entity undergoing it, is referred to as agentive process verbs.	ok		ok		ok		ok	
			4	In Eastern dialects,1 some agentive process verbs combine an absolutive subject with the auxiliary izan ‘be’ (Oyharçabal 1992; Aldai 2006; 2009; 2010; Berro 2010; 2012), thus resembling other ergative – non-active – languages like Warlpiri, Niuean and Samoan, where all intransitive verbs combine with an absolutive subject (Levin 1983; Massam 2009; Tollan 2018).	1	In Eastern dialects of Basque, some agentive process verbs combine an absolutive subject with the auxiliary izan (Oyharçabal 1992; Aldai 2006; 2009; 2010; Berro 2010; 2012).	ok		ok		ok		ok	
					2	The combination of an absolutive subject with the auxiliary izan for agentive process verbs in Eastern dialects of Basque resembles other ergative – non-active – languages like Warlpiri, Niuean and Samoan.	ok		ok		ok		ok	
					3	In Warlpiri, Niuean, and Samoan, all intransitive verbs combine with an absolutive subject (Levin 1983; Massam 2009; Tollan 2018).	problem	not atomic	ok		ok		problem	
			6	With the exception of Levin (1983), previous studies have assumed that the agentive process verbs that combine with an absolutive subject in Eastern dialects are unergative and have accounted independently for the absolutive marking.	1	With the exception of Levin (1983), previous studies have assumed that the agentive process verbs that combine with an absolutive subject in Eastern dialects of Basque are unergative.	problem	Previous studies have assumed that the agentive process verbs that combine with an absolutive subject in Eastern dialects of Basque are unergative.	problem	non atomic: Some studies have ...(...). Levin (1983) did not assume...	problem	Levin (1983) does not assume that the agentive process verbs that combine with an absolutive subject in Eastern dialects of Basque are unergative.	problem	Previous studies have assumed that the agentive process verbs that combine with an absolutive subject in Eastern dialects of Basque are unergative. Levin (1983) does not assume that the agentive process verbs that combine with an absolutive subject in Eastern dialects of Basque are unergative.
					2	With the exception of Levin (1983), previous studies have accounted independently for the absolutive marking of the agentive process verbs that combine with an absolutive subject in Eastern dialects of Basque.	problem	Previous studies have accounted independently for the absolutive marking of the agentive process verbs that combine with an absolutive subject in Eastern dialects of Basque.	problem	?	problem	Levin (1983) have not accounted independently for the absolutive marking of the agentive process verbs that combine with an absolutive subject in Eastern dialects of Basque.	problem	Previous studies have accounted independently for the absolutive marking of the agentive process verbs that combine with an absolutive subject in Eastern dialects of Basque. Levin (1983) have not accounted independently for the absolutive marking of the agentive process verbs that combine with an absolutive subject in Eastern dialects of Basque.
			7	In fact, these verbs belong to semantic groups that are usually considered unergative (controlled and agentive processes), and include bazkaldu ‘have lunch’, solastatu ‘talk’, borrokatu ‘fight’ or jolastu ‘play’.	1	Agentive process verbs belong to semantic groups that are usually considered unergative, such as controlled and agentive processes.	ok		ok		ok		ok	
					2	Examples of agentive process verbs include bazkaldu, solastatu, borrokatu, and jolastu.	ok		ok		ok	Examples of agentive process verbs considered unergative include bazkaldu ‘have lunch’, solastatu ‘talk’, borrokatu ‘fight’ or jolastu ‘play’.	ok	
			8	Moreover, they behave syntactically like unergatives in their inability to undergo causativization (Oyharçabal 2003).	1	Agentive process verbs behave syntactically like unergatives in their inability to undergo causativization (Oyharçabal 2003).	ok		ok		ok		ok	
glossa-10899-aremu	Title and Abstract	Prosodically determined coordinator placement in Yorùbá	1	Prosodically determined coordinator placement in Yorùbá	1	Coordinator placement in Yorùbá is prosodically determined.	ok		ok		ok		ok	
		In this paper, we look at the properties of the clausal coordinator sì in Yorùbá. We will show that despite its unusual surface position in the middle field of the second conjunct, the element should still be treated as a proper coordinator and not, as sometimes claimed, as an adverb. We then go on to fully describe the distribution of sì in simple clauses as well as in complex constructions involving focus movement, adverbial or relative clauses. Based on these configurations, we argue that a search for a uniform syntactic position of sì is bound to be unsuccessful. Rather, we claim that the uniform underlying factor in all of these constructions is that sì always right-attaches to the first phonological phrase of the second conjunct clause irrespective of syntactic constituents or islands. We provide evidence for this claim from various phonological processes such as (i) phonological fusion, (ii) the association of floating tones, (iii) assimilation, (iv) tonal OCP-effects, and (v) allomorphy. The present study thus not only solves a curious language-specific puzzle in Yorùbá but also provides a convincing case of prosodically driven clitic displacement to a position after the first phonological/prosodic phrase. In doing so, it falls nicely into emerging typologies of clitic placement patterns in the world’s languages.		In this paper, we look at the properties of the clausal coordinator sì in Yorùbá.	1	The properties of the clausal coordinator sì in Yorùbá are described.	problem	sì is a clausal coordinator in Yorùbá.	problem		ok		problem	sì is a clausal coordinator in Yorùbá.
			2	We will show that despite its unusual surface position in the middle field of the second conjunct, the element should still be treated as a proper coordinator and not, as sometimes claimed, as an adverb.	1	The clausal coordinator sì in Yorùbá has an unusual surface position in the middle field of the second conjunct.	ok		ok		ok		ok	
					2	The clausal coordinator sì in Yorùbá is a proper coordinator.	ok		ok		ok		ok	
					3	Some sources claim that the clausal coordinator sì in Yorùbá is an adverb.	ok		ok		ok		ok	
					4	The clausal coordinator sì in Yorùbá is not an adverb.	ok		ok		ok		ok	
			3	We then go on to fully describe the distribution of sì in simple clauses as well as in complex constructions involving focus movement, adverbial or relative clauses.	1	The distribution of the clausal coordinator sì in Yorùbá is fully described in simple clauses and in complex constructions involving focus movement, adverbial clauses, or relative clauses.	problem	sì is used in simple clauses as well as in complex constructions involving focus movement, adverbial or relative clauses.	problem	.. can be ...	ok		problem	sì is used in simple clauses as well as in complex constructions involving focus movement, adverbial or relative clauses.
			4	Based on these configurations, we argue that a search for a uniform syntactic position of sì is bound to be unsuccessful.	1	Based on simple clauses and complex constructions involving focus movement, adverbial clauses, or relative clauses, a search for a uniform syntactic position of the clausal coordinator sì in Yorùbá is unsuccessful.	ok		ok		ok		ok	
			5	Rather, we claim that the uniform underlying factor in all of these constructions is that sì always right-attaches to the first phonological phrase of the second conjunct clause irrespective of syntactic constituents or islands.	1	The uniform underlying factor in simple clauses and complex constructions involving focus movement, adverbial clauses, or relative clauses is that the clausal coordinator sì in Yorùbá always right-attaches to the first phonological phrase of the second conjunct clause irrespective of syntactic constituents or islands.	ok		ok	? atomic?	ok		problem	The uniform underlying factor in simple clauses and complex constructions involving focus movement is that the clausal coordinator sì in Yorùbá always right-attaches to the first phonological phrase of the second conjunct clause irrespective of syntactic constituents or islands. The uniform underlying factor in simple clauses and complex constructions involving adverbial clauses is that the clausal coordinator sì in Yorùbá always right-attaches to the first phonological phrase of the second conjunct clause irrespective of syntactic constituents or islands. The uniform underlying factor in simple clauses and complex constructions involving relative clauses is that the clausal coordinator sì in Yorùbá always right-attaches to the first phonological phrase of the second conjunct clause irrespective of syntactic constituents or islands.
			6	We provide evidence for this claim from various phonological processes such as (i) phonological fusion, (ii) the association of floating tones, (iii) assimilation, (iv) tonal OCP-effects, and (v) allomorphy.	1	Various phonological processes, including phonological fusion, the association of floating tones, assimilation, tonal Obligatory Contour Principle (OCP)-effects, and allomorphy, provide evidence that the clausal coordinator sì in Yorùbá always right-attaches to the first phonological phrase of the second conjunct clause irrespective of syntactic constituents or islands.	problem	not atomic	ok		problem	Phonological fusion provides evidence that the clausal coordinator sì in Yorùbá always right-attaches to the first phonological phrase of the second conjunct clause irrespective of syntactic constituents or islands. 	problem	Various phonological processes provide evidence that the clausal coordinator sì in Yorùbá always right-attaches to the first phonological phrase of the second conjunct clause irrespective of syntactic constituents or islands. Phonological fusion is a phonological process.  The association of floating tones  is a phonological process. Assimilation  is a phonological process. Tonal Obligatory Contour Principle (OCP)-effects  is a phonological process. Allomorphy  is a phonological process.
			7	The present study thus not only solves a curious language-specific puzzle in Yorùbá but also provides a convincing case of prosodically driven clitic displacement to a position after the first phonological/prosodic phrase.	1	A curious language-specific puzzle in Yorùbá is solved.	ok		ok		problem	Not statement	ok	
					2	A convincing case of prosodically driven clitic displacement to a position after the first phonological/prosodic phrase is provided.	problem	Yorùbá is a convincing case of prosodically driven clitic displacement to a position after the first phonological/prosodic phrase .	ok	?	problem	Not statement	problem	Yorùbá is a convincing case of prosodically driven clitic displacement to a position after the first phonological/prosodic phrase .
			8	In doing so, it falls nicely into emerging typologies of clitic placement patterns in the world’s languages.	1	The convincing case of prosodically driven clitic displacement falls into emerging typologies of clitic placement patterns in the world’s languages.	ok		problem	if A is atomic to be sufficiently specific, and A impllies B, then no need to state B separately???	problem	Not statement	problem	Prosodically driven clitic displacement falls into emerging typologies of clitic placement patterns in the world’s languages.
glossa-5462-julien		North Sámi has a class of derived verbs called sensive verbs. Descriptively, these verbs are formed by adding the suffix /ʃ/ to an adjectival or nominal base, and the resulting verb means ‘find [object] (too) ADJECTIVE/NOUN’. In this paper it is argued that the sensive verbs do not involve any psychological verb, and the suffix is not specified as “sensive” in the lexicon. Rather, the suffix is specified as a realisation of a stative verbaliser in a transitive structure. The interpretation of the verb and the experiencer role of the subject follow from this specification in combination with the syntax of the verb phrase as a whole, which has a stative verbaliser and a Voice head on top of a minimal aP or nP. Other vocabulary items that could spell out the stative verbaliser are prevented from appearing in the sensive verb phrase, since the conditions for inserting them are not met. The consequence is that the suffix /ʃ/ is restricted to sensive verbs.	1	North Sámi has a class of derived verbs called sensive verbs.	1	In North Sámi, there is a class of derived verbs called sensive verbs.	ok		ok		ok		ok	
			2	Descriptively, these verbs are formed by adding the suffix /ʃ/ to an adjectival or nominal base, and the resulting verb means ‘find [object] (too) ADJECTIVE/NOUN’.	1	Descriptively, in North Sámi, sensive verbs are formed by adding the suffix /ʃ/ to an adjectival or nominal base.	ok		ok		ok		ok	
					2	Descriptively, in North Sámi, sensive verbs formed by adding the suffix /ʃ/ to an adjectival or nominal base mean ‘find [object] (too) ADJECTIVE/NOUN’.	problem	Descriptively, in North Sámi, the resulting sensive verb means ‘find [object] (too) ADJECTIVE/NOUN’.	ok		problem	Descriptively, in North Sámi, sensive verbs are formed by adding the suffix /ʃ/ to an adjectival or nominal base and the resulting verb means ‘find [object] (too) ADJECTIVE/NOUN’.	ok	
			3	In this paper it is argued that the sensive verbs do not involve any psychological verb, and the suffix is not specified as “sensive” in the lexicon.	1	In North Sámi, sensive verbs do not involve any psychological verb.	ok		ok		ok		ok	
					2	In North Sámi, the suffix associated with sensive verbs is not specified as “sensive” in the lexicon.	ok		ok		ok		ok	
			4	Rather, the suffix is specified as a realisation of a stative verbaliser in a transitive structure.	1	In North Sámi, the suffix associated with sensive verbs is specified as a realisation of a stative verbaliser in a transitive structure.	ok		ok		ok		ok	
			5	The interpretation of the verb and the experiencer role of the subject follow from this specification in combination with the syntax of the verb phrase as a whole, which has a stative verbaliser and a Voice head on top of a minimal aP or nP.	1	The interpretation of the sensive verb and the experiencer role of the subject follow from the specification of the suffix associated with sensive verbs as a realisation of a stative verbaliser in a transitive structure, in combination with the syntax of the verb phrase as a whole, which has a stative verbaliser and a Voice head on top of a minimal adjectival phrase (aP) or nominal phrase (nP).	ok		problem	not atomic	ok		problem	In North Sami, the interpretation of the sensive verb and the experiencer role of the subject follow from the specification of the suffix associated with sensive verbs as a realisation of a stative verbaliser in a transitive structure, in combination with the syntax of the verb phrase as a whole. In North Sami, the  verb phrase as a whole has a stative verbaliser and a Voice head on top of a minimal adjectival phrase (aP) or nominal phrase (nP).
			6	Other vocabulary items that could spell out the stative verbaliser are prevented from appearing in the sensive verb phrase, since the conditions for inserting them are not met.	1	Other vocabulary items that could spell out the stative verbaliser are prevented from appearing in the sensive verb phrase because the conditions for inserting them are not met.	ok		ok		problem		problem	There are vocabulary items in North Sami that could spell out the stative verbaliser are prevented from appearing in the sensive verb phrase because the conditions for inserting them are not met.
			7	The consequence is that the suffix /ʃ/ is restricted to sensive verbs.	1	The suffix /ʃ/ is restricted to sensive verbs as a consequence of other vocabulary items that could spell out the stative verbalizer being prevented from appearing in the sensive verb phrase because the conditions for inserting them are not met.	ok		ok		ok		ok	In North Sami, the suffix /ʃ/ is restricted to sensive verbs as a consequence of other vocabulary items that could spell out the stative verbalizer being prevented from appearing in the sensive verb phrase because the conditions for inserting them are not met.
	1 Introduction	North Sámi is known to have a rich inventory of derivational suffixes – suffixes that form verbs from nouns and adjectives or from other verbs, nouns from verbs, adjectives from nouns and verbs, to mention some main types. In this paper, I will take a closer look at one particular derivational suffix, the suffix /ʃ/, spelled š, which forms verbs from adjectives or nouns. More precisely, the suffix attaches to an adjective or noun and returns a transitive verb meaning ‘[subject] find [object] (too) ADJECTIVE/NOUN’.1 A few examples are given in (1). Note that the verbs are given in the infinitive, with the infinitival suffix -it following the derivational suffix.2	1	North Sámi is known to have a rich inventory of derivational suffixes – suffixes that form verbs from nouns and adjectives or from other verbs, nouns from verbs, adjectives from nouns and verbs, to mention some main types.	1	North Sámi has a rich inventory of derivational suffixes.	ok		ok		ok		ok	
					2	In North Sámi, derivational suffixes form verbs from nouns and adjectives.	ok		ok	atomic!	ok		ok	
					3	In North Sámi, derivational suffixes form verbs from other verbs.	ok		ok		ok		ok	
					4	In North Sámi, derivational suffixes form nouns from verbs.	ok		ok		ok		ok	
					5	In North Sámi, derivational suffixes form adjectives from nouns and verbs.	ok		ok		ok		ok	
			2	In this paper, I will take a closer look at one particular derivational suffix, the suffix /ʃ/, spelled š, which forms verbs from adjectives or nouns.	1	The suffix /ʃ/, spelled š, is a derivational suffix in North Sámi.	ok		ok		ok		ok	
					2	The suffix /ʃ/, spelled š, forms verbs from adjectives or nouns in North Sámi.	ok		ok	atomic? ambiguous	ok		ok	
			3	More precisely, the suffix attaches to an adjective or noun and returns a transitive verb meaning ‘[subject] find [object] (too) ADJECTIVE/NOUN’.1	1	In North Sámi, the derivational suffix /ʃ/ attaches to an adjective or noun.	ok		ok		ok		ok	
					2	In North Sámi, the attachment of the derivational suffix /ʃ/ to an adjective or noun returns a transitive verb.	ok		ok		ok		ok	
					3	In North Sámi, the resulting transitive verb (formed with the derivational suffix /ʃ/) means ‘[subject] find [object] (too) ADJECTIVE/NOUN’.	ok		ok		ok		ok	
			5	Note that the verbs are given in the infinitive, with the infinitival suffix -it following the derivational suffix.2	1	Sensive verbs in North Sámi are given in the infinitive.	ok		ok	In this article,?	ok	Sensive verbs in North Sámi in this paper are given in the infinitive.	ok	Sensive verbs in North Sámi in this paper are given in the infinitive.
					2	In North Sámi, the infinitival suffix -it follows the derivational suffix /ʃ/ in sensive verbs.	ok		ok		ok		ok	
glossa-8784-kocher	Title and Abstract	A sentence mood account for Spanish verum	1	A sentence mood account for Spanish verum	1	The article presents a sentence mood account for Spanish verum.	problem	Spanish verum can stem from sentence mood	ok		ok		problem	Spanish verum can stem from sentence mood
		This article argues in favor of the idea that verum can result from focus marking on sentence mood. The empirical base are verum strategies in Spanish, English and German. It is shown that all of them result from stress on sentence mood, even though the strategies to express verum in the three languages appear unrelated on a superficial level: German and English rely on stress on a finite verb, Spanish inserts a particle. In the article, a semantic and syntactic account complete each other. The semantic approach is a revised version of Lohnstein’s sentence mood theory of verum focus. The effect of verum in different sentence moods is derived by the function each mood has and the alternatives that focus on them generates. The syntactic analysis is modeled in a cartographic framework (Rizzi 1997 et seq.) and motivates a projection in the lower section of the left periphery dedicated to sentence mood. A focus feature in this projection results in the verum interpretation of the proposition. The principal argument developed in this article is that the superficial differences across languages and clause types result from the fact that the focused mood feature is checked in different configurations.		This article argues in favor of the idea that verum can result from focus marking on sentence mood.	1	Verum can result from focus marking on sentence mood.	ok		ok		ok		ok	
			2	The empirical base are verum strategies in Spanish, English and German.	1	Verum strategies in Spanish, English, and German constitute the empirical base of the article's claims.	problem	not atomic	ok		ok		ok	
			3	It is shown that all of them result from stress on sentence mood, even though the strategies to express verum in the three languages appear unrelated on a superficial level: German and English rely on stress on a finite verb, Spanish inserts a particle.	1	All verum strategies in Spanish, English, and German result from stress on sentence mood.	problem	not atomic	ok		ok		problem	All verum strategies in Spanish result from stress on sentence mood. All verum strategies in English result from stress on sentence mood. All verum strategies in German result from stress on sentence mood.
					2	The strategies to express verum in Spanish, English, and German appear unrelated on a superficial level.	ok		ok		ok		ok	
					3	In German, verum strategies rely on stress on a finite verb.	ok		ok		ok		ok	
					4	In English, verum strategies rely on stress on a finite verb.	ok		ok		ok		ok	
					5	In Spanish, verum strategies insert a particle.	ok		ok		ok		ok	
			4	In the article, a semantic and syntactic account complete each other.	1	A semantic account and a syntactic account complete each other.	ok		ok	change guide to: if no scientific claim is made, the statement should keep the "in this article"...	ok		ok	In this article, a semantic account and a syntactic account complete each other.
			5	The semantic approach is a revised version of Lohnstein’s sentence mood theory of verum focus.	1	The semantic approach is a revised version of Lohnstein’s sentence mood theory of verum focus.	problem	Lohnstein proposed a sentence mood theory of verum focus. Lohnstein's sentence mood theory can provide a semantic approach to analyze Spanish verum.	problem	this and the following: S structural statements?	ok		ok	Lohnstein proposed a sentence mood theory of verum focus. Lohnstein's sentence mood theory can provide a semantic approach to analyze Spanish verum.
			6	The effect of verum in different sentence moods is derived by the function each mood has and the alternatives that focus on them generates.	1	The effect of verum in different sentence moods is derived by the function each sentence mood has and the alternatives that focus on each sentence mood generates.	problem	not atomic	ok		ok		ok	
			7	The syntactic analysis is modeled in a cartographic framework (Rizzi 1997 et seq.) and motivates a projection in the lower section of the left periphery dedicated to sentence mood.	1	The syntactic analysis is modeled in a cartographic framework (Rizzi 1997 et seq.).	problem	Rizzi (1997 et seq.) described a cartographic framework   Rizzi's cartographic framework can be the model for syntactic analysis of Spanish verum.	ok	can be?	ok		problem	Rizzi (1997 et seq.) described a cartographic framework   Rizzi's cartographic framework can be the model for syntactic analysis of Spanish verum.
					2	The syntactic analysis motivates a projection in the lower section of the left periphery dedicated to sentence mood.	problem	The syntactic analysis of Spanish verum motivates a projection in the lower section of the left periphery dedicated to sentence mood.	ok		ok		ok	
			8	A focus feature in this projection results in the verum interpretation of the proposition.	1	A focus feature in a projection in the lower section of the left periphery dedicated to sentence mood results in the verum interpretation of the proposition.	ok		ok		ok		ok	
			9	The principal argument developed in this article is that the superficial differences across languages and clause types result from the fact that the focused mood feature is checked in different configurations.	1	The superficial differences across languages and clause types result from the fact that the focused mood feature is checked in different configurations.	problem	not atomic	ok		ok		problem	The superficial differences in verum focus across languages result from the fact that the focused mood feature is checked in different configurations. The superficial differences in verum focus across clause types result from the fact that the focused mood feature is checked in different configurations.
glossa-5286-contemori		Studies on second language (L2) anaphora resolution have mainly focused on learners of null-subject languages, demonstrating that L2 speakers show residual indeterminacy in the L2 referential choice, even at the highest levels of proficiency. On the other hand, studies on anaphora resolution in L2 learners of non-null-subject languages have shown conflicting results, indicating that L2 speakers may process referential expressions in the L2 like native speakers.Using a visual word paradigm task, we test the online processing of pronouns in highly proficient L2 speakers of English whose L1 is Spanish, and compare their performance to a group of native English speakers. The native speakers’ data show rapid use of the first mention bias (i.e., interpreting a pronoun towards the first-mentioned referent) and gender information upon encountering a gender ambiguous or unambiguous pronoun. For the L2 participants, we find similar underlying processes of pronoun resolution in comparison to native speakers. The results do not reveal a processing cost for L2 speakers of a non-null-subject language during anaphora resolution. Overall, our study demonstrates that L2 speakers of a non-null-subject language (English) can achieve native-like processing of the default referential form signaling topic continuity (i.e., the overt pronoun; Sorace 2011).	1	Studies on second language (L2) anaphora resolution have mainly focused on learners of null-subject languages, demonstrating that L2 speakers show residual indeterminacy in the L2 referential choice, even at the highest levels of proficiency.	1	Studies on second language (L2) anaphora resolution have mainly focused on learners of null-subject languages.	ok		ok		ok		ok	
					2	Studies on second language (L2) anaphora resolution demonstrate that L2 speakers show residual indeterminacy in the L2 referential choice, even at the highest levels of proficiency.	ok		ok		ok		ok	
			2	On the other hand, studies on anaphora resolution in L2 learners of non-null-subject languages have shown conflicting results, indicating that L2 speakers may process referential expressions in the L2 like native speakers.Using a visual word paradigm task, we test the online processing of pronouns in highly proficient L2 speakers of English whose L1 is Spanish, and compare their performance to a group of native English speakers.	1	Studies on anaphora resolution in second language (L2) learners of non-null-subject languages have shown conflicting results.	problem	Studies on anaphora resolution in second language (L2) learners of null-subject and non-null-subject languages have shown conflicting results regarding referential choice.	ok		ok		ok	
					2	Studies on anaphora resolution in second language (L2) learners of non-null-subject languages indicate that L2 speakers may process referential expressions in the L2 like native speakers.	ok		ok		ok		ok	
					3	The current study tests the online processing of pronouns in highly proficient second language (L2) speakers of English whose first language (L1) is Spanish using a visual word paradigm task.	ok	Online processing of pronouns in highly proficient L2 speakers of English whose L1 is Spanish can be tested using a visual word paradigm task. 	ok		ok		ok	Online processing of pronouns in highly proficient L2 speakers of English whose L1 is Spanish can be tested using a visual word paradigm task. 
					4	The current study compares the performance of highly proficient second language (L2) speakers of English whose first language (L1) is Spanish to a group of native English speakers.	ok	(Type S)	ok		ok		ok	The performance of highly proficient second language (L2) speakers of English whose first language (L1) is Spanish and the performance of group of native English speakers can be compared using a visual word paradigm task.
			3	The native speakers’ data show rapid use of the first mention bias (i.e., interpreting a pronoun towards the first-mentioned referent) and gender information upon encountering a gender ambiguous or unambiguous pronoun.	1	The data from the native English speakers in the current study show rapid use of the first mention bias, which is interpreting a pronoun towards the first-mentioned referent.	problem	Native English speakers show rapid use of the first mention bias, which is interpreting a pronoun towards the first-mentioned referent.	ok		ok		problem	Native English speakers show rapid use of the first mention bias, which is interpreting a pronoun towards the first-mentioned referent.
					2	The data from the native English speakers in the current study show rapid use of gender information upon encountering a gender ambiguous or unambiguous pronoun.	problem	Native English speakers show rapid use of gender information upon encountering a gender ambiguous or unambiguous pronoun.	ok		ok		problem	Native English speakers show rapid use of gender information upon encountering a gender ambiguous or unambiguous pronoun.
			4	For the L2 participants, we find similar underlying processes of pronoun resolution in comparison to native speakers.	1	The current study finds similar underlying processes of pronoun resolution for the highly proficient second language (L2) speakers of English whose first language (L1) is Spanish in comparison to native English speakers.	ok	The underlying processes of pronoun resolution is similar for native English speakers and the highly proficient second language (L2) speakers of English whose first language (L1) is Spanish.	ok	see new rule above	ok		ok	The underlying processes of pronoun resolution is similar for native English speakers and the highly proficient second language (L2) speakers of English whose first language (L1) is Spanish.
			5	The results do not reveal a processing cost for L2 speakers of a non-null-subject language during anaphora resolution.	1	The results of the current study do not reveal a processing cost for highly proficient second language (L2) speakers of English during anaphora resolution.	problem	There is no processing cost for highly proficient second language (L2) speakers of English during anaphora resolution.	problem		problem	The results of the current study do not reveal a processing cost for highly proficient second language (L2) speakers of a non-null-subject language  during anaphora resolution.	ok	There is no processing cost for highly proficient second language (L2) speakers of English during anaphora resolution.
			6	Overall, our study demonstrates that L2 speakers of a non-null-subject language (English) can achieve native-like processing of the default referential form signaling topic continuity (i.e., the overt pronoun; Sorace 2011).	1	The current study demonstrates that highly proficient second language (L2) speakers of English can achieve native-like processing of the default referential form signaling topic continuity.	problem	Highly proficient second language (L2) speakers of English can achieve native-like processing of the default referential form signaling topic continuity.	problem		ok		ok	Highly proficient second language (L2) speakers of English can achieve native-like processing of the default referential form signaling topic continuity.
					2	The default referential form signaling topic continuity is the overt pronoun (Sorace 2011).	ok		ok		ok		ok	
glossa-5040-heffernan		Showcasing the interaction of generative and emergent linguistic knowledge with case marker omission in spoken Japanese	1	Showcasing the interaction of generative and emergent linguistic knowledge with case marker omission in spoken Japanese	1	There is an interaction of generative linguistic knowledge and emergent linguistic knowledge with case marker omission in spoken Japanese.	ok	Case marker omission in spoken Japanese can showcase the interaction of generative and emergent linguistic knowledge	ok	titles to be removed	ok		ok	Case marker omission in spoken Japanese can showcase the interaction of generative and emergent linguistic knowledge
	1 The emergent–generative debate	Linguists are currently debating the nature of our grammatical knowledge. Many have argued that such knowledge is innate and that we use this knowledge to generate utterances; others have argued that grammatical knowledge emerges from linguistic experience, and that such knowledge forms exemplars for modeling novel utterances. Generative grammar advocates emphasize the way that utterances are generated by combining individual words as needed (Hauser et al. 2002; Newmeyer 2010, and many others). In contrast, emergent grammar advocates emphasize that prefabricated sequences of abstract and concrete linguistic forms are recycled (Thompson 2002; Ellis 2008; Beckner et al. 2009; Bybee 2010; Dąbrowska 2014, and many others; see MacWhinney & O’Grady 2015 and references therein).		Linguists are currently debating the nature of our grammatical knowledge.	1	Linguists are currently debating the nature of grammatical knowledge.	ok		ok		ok		ok	
			2	Many have argued that such knowledge is innate and that we use this knowledge to generate utterances; others have argued that grammatical knowledge emerges from linguistic experience, and that such knowledge forms exemplars for modeling novel utterances.	1	Many linguists have argued that grammatical knowledge is innate.	ok		ok		ok		ok	
					2	Many linguists have argued that grammatical knowledge is used to generate utterances.	ok		ok		ok		ok	
					3	Other linguists have argued that grammatical knowledge emerges from linguistic experience.	problem	Many linguists have argued that grammatical knowledge emerges from linguistic experience.	problem	no "other" --> some	problem	Linguists have argued that grammatical knowledge emerges from linguistic experience.	problem	Linguists have argued that grammatical knowledge emerges from linguistic experience.
					4	Other linguists have argued that grammatical knowledge forms exemplars for modeling novel utterances.	problem	Many linguists have argued that grammatical knowledge forms exemplars for modeling novel utterances.	problem		problem	Linguists have argued that grammatical knowledge forms exemplars for modeling novel utterances.	problem	Linguists have argued that grammatical knowledge forms exemplars for modeling novel utterances.
			3	Generative grammar advocates emphasize the way that utterances are generated by combining individual words as needed (Hauser et al. 2002; Newmeyer 2010, and many others).	1	Generative grammar advocates emphasize that utterances are generated by combining individual words as needed (Hauser et al. 2002; Newmeyer 2010, and many others).	ok		ok		ok		ok	
			4	In contrast, emergent grammar advocates emphasize that prefabricated sequences of abstract and concrete linguistic forms are recycled (Thompson 2002; Ellis 2008; Beckner et al. 2009; Bybee 2010; Dąbrowska 2014, and many others; see MacWhinney & O’Grady 2015 and references therein).	1	Emergent grammar advocates emphasize that prefabricated sequences of abstract and concrete linguistic forms are recycled (Thompson 2002; Ellis 2008; Beckner et al. 2009; Bybee 2010; Dąbrowska 2014, and many others; see MacWhinney & O’Grady 2015 and references therein).	ok		ok		ok		ok	
		Consider Dąbrowska’s (2010) example (9a), repeated here as (1a). This sentence illustrates the long-distance dependency between the wh word in the main clause and the trace in the object position for the verb do in the subordinate clause. Dąbrowska points out that word choice in sentences with long-distance dependencies in natural conversation is constrained; that is, the main clause auxiliary in such sentences is do over 90% of the time, the subject is you about 90% of the time, and the verb is think or say about 90% of the time. Dąbrowska gave several more examples that illustrated these tendencies, and we have repeated two of them as (1b) and (1c). She concludes that utterances with long-distance dependencies followed specific templates most of the time, and emerged frequently because “they are psychologically more basic than non-prototypical ones… prototypical questions are produced more fluently, judged to be more acceptable, remembered better and acquired earlier by children” (Dąbrowska 2010: 63).	2	This sentence illustrates the long-distance dependency between the wh word in the main clause and the trace in the object position for the verb do in the subordinate clause.	1	Dąbrowska’s (2010) example (9a), repeated as (1a) in this article, illustrates the long-distance dependency between the wh-word in the main clause and the trace in the object position for the verb 'do' in the subordinate clause.	problem	(example sentence not filled in)	problem	there is a relation... (dabrowska 2010)	problem		problem	There can be a long-distance dependency between the wh-word in the main clause and the trace in the object position for the verb 'do' in the subordinate clause.
			3	Dąbrowska points out that word choice in sentences with long-distance dependencies in natural conversation is constrained; that is, the main clause auxiliary in such sentences is do over 90% of the time, the subject is you about 90% of the time, and the verb is think or say about 90% of the time.	1	Dąbrowska (2010) points out that word choice in sentences with long-distance dependencies in natural conversation is constrained.	ok		ok	better the statement then ref	ok		ok	lucia todo
					2	Dąbrowska (2010) points out that the main clause auxiliary in sentences with long-distance dependencies in natural conversation is 'do' over 90% of the time.	ok		ok		ok		ok	
					3	Dąbrowska (2010) points out that the subject in sentences with long-distance dependencies in natural conversation is 'you' about 90% of the time.	ok		ok		ok		ok	
					4	Dąbrowska (2010) points out that the verb in sentences with long-distance dependencies in natural conversation is 'think' or 'say' about 90% of the time.	ok		ok		ok		ok	
			4	Dąbrowska gave several more examples that illustrated these tendencies, and we have repeated two of them as (1b) and (1c).	1	Dąbrowska (2010) gave several more examples that illustrated the tendencies for word choice (main clause auxiliary 'do', subject 'you', verb 'think' or 'say') in sentences with long-distance dependencies in natural conversation.	problem	(example sentence not filled in)	ok	no "more"	problem	Dąbrowska (2010) gave examples that illustrated the tendencies for word choice (main clause auxiliary 'do', subject 'you', verb 'think' or 'say') in sentences with long-distance dependencies in natural conversation.	problem	Dąbrowska (2010) gave examples that illustrated the tendencies for word choice (main clause auxiliary 'do', subject 'you', verb 'think' or 'say') in sentences with long-distance dependencies in natural conversation.
					2	The authors of this article have repeated two of Dąbrowska's (2010) examples (1b) and (1c).	problem	(example sentence not filled in)	ok		problem		problem	The authors of this article have repeated two of Dąbrowska's (2010) examples
			5	She concludes that utterances with long-distance dependencies followed specific templates most of the time, and emerged frequently because “they are psychologically more basic than non-prototypical ones… prototypical questions are produced more fluently, judged to be more acceptable, remembered better and acquired earlier by children” (Dąbrowska 2010: 63).	1	Dąbrowska (2010) concludes that utterances with long-distance dependencies followed specific templates most of the time.	ok		ok	concludes --> states	ok		ok	Dąbrowska (2010) states that utterances with long-distance dependencies followed specific templates most of the time.
					2	Dąbrowska (2010) concludes that utterances with long-distance dependencies emerged frequently because they are psychologically more basic than non-prototypical ones (Dąbrowska 2010: 63).	ok		ok		problem	Dąbrowska (2010) concludes that utterances with long-distance dependencies emerged frequently because  “they are psychologically more basic than non-prototypical ones… prototypical questions are produced more fluently, judged to be more acceptable, remembered better and acquired earlier by children” (Dąbrowska 2010: 63).	ok	Dąbrowska (2010) states that utterances with long-distance dependencies emerged frequently because  “they are psychologically more basic than non-prototypical ones… prototypical questions are produced more fluently, judged to be more acceptable, remembered better and acquired earlier by children” (Dąbrowska 2010: 63).
					3	Dąbrowska (2010) concludes that prototypical questions are produced more fluently (Dąbrowska 2010: 63).	ok		ok		problem		ok	all the rest as Ls
					4	Dąbrowska (2010) concludes that prototypical questions are judged to be more acceptable (Dąbrowska 2010: 63).	ok		ok		problem		ok	
					5	Dąbrowska (2010) concludes that prototypical questions are remembered better (Dąbrowska 2010: 63).	ok		ok		problem		ok	
					6	Dąbrowska (2010) concludes that prototypical questions are acquired earlier by children (Dąbrowska 2010: 63).	ok		ok		problem		ok	
glossa-5217-bîlbîie	Title and Abstract	This paper discusses the No Embedding Constraint, considered to be a strong syntactic constraint on gapping and a diagnostic for this ellipsis type. As shown by two acceptability judgments tasks in Spanish, the assumptions related to the No Embedding Constraint are not borne out by our experimental results. Embedded gapping is acceptable in Spanish, and seems to be governed by a (more general) semantic constraint. Specifically, some predicates embed more easily than others, confirming, on the one hand, the asymmetry between non-factive and factive predicates, and, on the other hand, the dichotomy between semi-factive and true factive predicates. Embedded gapping and embedded coordinated clauses in general are thus sensitive to the semantic class of the embedding predicate. We argue that our data on embedded gapping in Spanish constitute a challenge for any Small Conjunct Gapping approach (in terms of subclausal/low coordination) and give support to a Large Conjunct Gapping approach (in terms of clausal/high coordination). In this paper, we adopt a constructional fragment-based analysis of gapping, which treats non-embedded and embedded gapping uniformly. More generally, this paper suggests that gapping is more similar to other ellipsis types than has been traditionally assumed.	1	This paper discusses the No Embedding Constraint, considered to be a strong syntactic constraint on gapping and a diagnostic for this ellipsis type.	1	The No Embedding Constraint is considered to be a strong syntactic constraint on gapping.	ok		ok		ok		ok	
					2	The No Embedding Constraint is considered to be a diagnostic for gapping.	ok		ok		ok		ok	
			2	As shown by two acceptability judgments tasks in Spanish, the assumptions related to the No Embedding Constraint are not borne out by our experimental results.	1	Assumptions related to the No Embedding Constraint are not borne out by experimental results from two acceptability judgments tasks in Spanish.	ok		ok		ok		ok	
			3	Embedded gapping is acceptable in Spanish, and seems to be governed by a (more general) semantic constraint.	1	Embedded gapping is acceptable in Spanish.	ok		ok		ok		ok	
					2	Embedded gapping seems to be governed by a general semantic constraint.	ok		problem		problem	Embedded gapping in Spanish seems to be governed by a general semantic constraint.	problem	Embedded gapping in Spanish seems to be governed by a general semantic constraint.
			4	Specifically, some predicates embed more easily than others, confirming, on the one hand, the asymmetry between non-factive and factive predicates, and, on the other hand, the dichotomy between semi-factive and true factive predicates.	1	Some predicates embed more easily than others.	ok		problem	In Spanish, ...	problem		problem	in spanish
					2	The observation that some predicates embed more easily than others confirms the asymmetry between non-factive and factive predicates.	ok		problem		problem		problem	
					3	The observation that some predicates embed more easily than others confirms the dichotomy between semi-factive and true factive predicates.	ok		problem		problem		problem	
			5	Embedded gapping and embedded coordinated clauses in general are thus sensitive to the semantic class of the embedding predicate.	1	Embedded gapping is sensitive to the semantic class of the embedding predicate.	ok		ok		ok		ok	
					2	Embedded coordinated clauses in general are sensitive to the semantic class of the embedding predicate.	ok		ok		ok		ok	
			6	We argue that our data on embedded gapping in Spanish constitute a challenge for any Small Conjunct Gapping approach (in terms of subclausal/low coordination) and give support to a Large Conjunct Gapping approach (in terms of clausal/high coordination).	1	Data on embedded gapping in Spanish constitute a challenge for any Small Conjunct Gapping approach (in terms of subclausal/low coordination).	ok		ok		ok		ok	
					2	Data on embedded gapping in Spanish give support to a Large Conjunct Gapping approach (in terms of clausal/high coordination).	ok		ok		ok		ok	
			7	In this paper, we adopt a constructional fragment-based analysis of gapping, which treats non-embedded and embedded gapping uniformly.	1	A constructional fragment-based analysis of gapping is adopted.	ok	(Type S)	problem	In this paper,	ok		problem	A constructional fragment-based analysis of gapping can be adopted.
					2	The adopted constructional fragment-based analysis of gapping treats non-embedded and embedded gapping uniformly.	problem	A constructional fragment-based analysis of gapping treats non-embedded and embedded gapping uniformly.	problem	In this paper,	ok		problem	Constructional fragment-based analysis of gapping treats non-embedded and embedded gapping uniformly.
			8	More generally, this paper suggests that gapping is more similar to other ellipsis types than has been traditionally assumed.	1	Gapping is more similar to other ellipsis types than has been traditionally assumed.	ok		ok		ok		ok	
glossa-4968-childs		Integrating syntactic theory and variationist analysis: The structure of negative indefinites in regional dialects of British English	1	Integrating syntactic theory and variationist analysis: The structure of negative indefinites in regional dialects of British English	1	The paper integrates syntactic theory and variationist analysis in its examination of the structure of negative indefinites in regional dialects of British English.	ok		ok		ok		ok	
		This paper integrates syntactic theory and variationist analysis in an investigation of the variation between English not-negation (I don’t have any money), no-negation (I have no money) and negative concord (I don’t have no money). Using corpora of three varieties of UK English spoken in Glasgow, Tyneside and Salford respectively, I test two theoretical accounts of the variation. Account 1 applies Zeijlstra’s (2004) agreement-based theory of negative concord to all three variants, such that n-words (e.g. nobody) which feature in no-negation and negative concord are not inherently negative but agree with a negative operator in a higher NegP. Under Account 2, no-negation is instead derived via negative-marking within the DP followed by movement to the higher NegP for sentential scope (Kayne 1998; Svenonius 2002; Zeijlstra 2011). These accounts, together with observations about the raising properties of functional versus lexical verbs, lead to the formulation of different hypotheses about the distribution of variants in speech according to verb type, verb phrase complexity, and the discourse status of the propositions expressed. Results of distributional analysis and mixed-effects modelling support Account 2 of the variation over Account 1, suggesting structural identity between not-negation and negative concord (in contrast to no-negation). This supports Tubau’s (2016) proposal that English negative indefinites have two distinct structures: one in which negation is marked syntactically in the DP and one in which they agree with a syntactically-higher NegP.		This paper integrates syntactic theory and variationist analysis in an investigation of the variation between English not-negation (I don’t have any money), no-negation (I have no money) and negative concord (I don’t have no money).	1	The paper integrates syntactic theory and variationist analysis in an investigation of the variation between English not-negation (I don’t have any money), no-negation (I have no money) and negative concord (I don’t have no money).	ok		ok	Missing the examples: ... is an example of...	ok		ok	I don't have any money' is an example of English not-negation,...
			2	Using corpora of three varieties of UK English spoken in Glasgow, Tyneside and Salford respectively, I test two theoretical accounts of the variation.	1	The research tests two theoretical accounts of the variation between English not-negation, no-negation, and negative concord, using corpora of three varieties of UK English spoken in Glasgow, Tyneside, and Salford respectively.	ok		ok		problem	The research tests two theoretical accounts of the variation between English not-negation, no-negation, and negative concord, using a corupus of the varietie of UK English spoken in Glasgow. The research tests two theoretical accounts of the variation between English not-negation, no-negation, and negative concord, using a corupus of the varietie of UK English spoken in Tyneside. The research tests two theoretical accounts of the variation between English not-negation, no-negation, and negative concord, using a corupus of the varietie of UK English spoken in Salford.	problem	The research tests two theoretical accounts of the variation between English not-negation, no-negation, and negative concord, using a corupus of the varietie of UK English spoken in Glasgow. The research tests two theoretical accounts of the variation between English not-negation, no-negation, and negative concord, using a corupus of the varietie of UK English spoken in Tyneside. The research tests two theoretical accounts of the variation between English not-negation, no-negation, and negative concord, using a corupus of the varietie of UK English spoken in Salford.
			3	Account 1 applies Zeijlstra’s (2004) agreement-based theory of negative concord to all three variants, such that n-words (e.g. nobody) which feature in no-negation and negative concord are not inherently negative but agree with a negative operator in a higher NegP.	1	Account 1, following Zeijlstra's (2004) agreement-based theory of negative concord, applies to English not-negation, no-negation, and negative concord, proposing that negative words (n-words) (e.g. nobody) which feature in no-negation and negative concord are not inherently negative but agree with a negative operator in a higher Negation Phrase (NegP).	ok		ok	Account 1 of this paper...	problem	not atomic. Account 1 is the first test?	problem	...
			4	Under Account 2, no-negation is instead derived via negative-marking within the DP followed by movement to the higher NegP for sentential scope (Kayne 1998; Svenonius 2002; Zeijlstra 2011).	1	Under Account 2, no-negation is derived via negative-marking within the determiner phrase (DP) followed by movement to the higher Negation Phrase (NegP) for sentential scope (Kayne 1998; Svenonius 2002; Zeijlstra 2011).	ok		ok		ok		ok	
			5	These accounts, together with observations about the raising properties of functional versus lexical verbs, lead to the formulation of different hypotheses about the distribution of variants in speech according to verb type, verb phrase complexity, and the discourse status of the propositions expressed.	1	Account 1 and Account 2, together with observations about the raising properties of functional versus lexical verbs, lead to the formulation of different hypotheses about the distribution of not-negation, no-negation, and negative concord in speech according to verb type, verb phrase complexity, and the discourse status of the propositions expressed.	ok		ok		ok	not sure	ok	
			6	Results of distributional analysis and mixed-effects modelling support Account 2 of the variation over Account 1, suggesting structural identity between not-negation and negative concord (in contrast to no-negation).	1	Results of distributional analysis and mixed-effects modelling support Account 2 of the variation between English not-negation, no-negation, and negative concord over Account 1.	ok		ok		problem	should be one positive and one negative	problem	
					2	Results of distributional analysis and mixed-effects modelling suggest structural identity between not-negation and negative concord, in contrast to no-negation.	ok		ok	There is a structural identity...	problem	should be one positive and one negative	problem	
			7	This supports Tubau’s (2016) proposal that English negative indefinites have two distinct structures: one in which negation is marked syntactically in the DP and one in which they agree with a syntactically-higher NegP.	1	The support for Account 2 over Account 1, suggesting structural identity between not-negation and negative concord, supports Tubau’s (2016) proposal that English negative indefinites have two distinct structures: one in which negation is marked syntactically in the determiner phrase (DP) and one in which they agree with a syntactically-higher Negation Phrase (NegP).	ok		ok		problem	not atomic	problem	
	1 Introduction	Negation is a fervently-debated phenomenon within formal syntactic enquiry, as it is a universal property of language that is, at the same time, highly variable in terms of how it is expressed (Mazzon 2004: 94). The variability of negation also makes it an intriguing object of study for variationist sociolinguists, given their interest in the factors that condition speakers’ choices between linguistic forms that convey the same meaning (Tagliamonte 2006). Formal syntactic theory and variationist sociolinguistics are often depicted as somewhat incompatible “opposites”, because of their respective focus on linguistic competence and general linguistic principles on the one hand, versus performance and variability on the other (Wilson and Henry 1998). However, recent studies have advocated bridging the gap between the two in analysing morpho-syntactic variation and change (Wilson and Henry 1998; Adger and Smith 2005; 2010; Cornips and Corrigan 2005a; b; Adger and Trousdale 2007; Buchstaller et al. 2013; Burnett et al. under review), with Barbiers (2005: 235) suggesting that “it is the task of sociolinguists to describe and explain the patterns of variation that occur within a linguistic community given the theoretical limits of this variation uncovered by generative linguistics [emphasis mine]”. This paper takes such an approach and argues that integrating formal theory into variationist analysis of morpho-syntactic variation allows for: (i) more careful delimitation of the linguistic variable and its contexts, taking into consideration the constraints of the grammar; (ii) theoretically-informed decision-making as to the inclusion and exclusion of tokens; and (iii) using production data to test hypotheses that can elucidate how variants are derived from the grammar. Adopting this approach, my investigation focuses specifically on the alternation between not-negation (1), no-negation (2) and negative concord (3) in English.1	1	Negation is a fervently-debated phenomenon within formal syntactic enquiry, as it is a universal property of language that is, at the same time, highly variable in terms of how it is expressed (Mazzon 2004: 94).	1	Negation is a fervently-debated phenomenon within formal syntactic enquiry (Mazzon 2004: 94).	ok		ok	no ref	ok		ok	
					2	Negation is a universal property of language (Mazzon 2004: 94).	ok		ok	no ref	ok		ok	
					3	Negation is highly variable in terms of how it is expressed (Mazzon 2004: 94).	ok		ok		ok		ok	
			2	The variability of negation also makes it an intriguing object of study for variationist sociolinguists, given their interest in the factors that condition speakers’ choices between linguistic forms that convey the same meaning (Tagliamonte 2006).	1	The variability of negation is an intriguing object of study for variationist sociolinguists.	ok		ok		ok		ok	
					2	Variationist sociolinguists are interested in the factors that condition speakers’ choices between linguistic forms that convey the same meaning (Tagliamonte 2006).	ok		ok		ok		ok	
			3	Formal syntactic theory and variationist sociolinguistics are often depicted as somewhat incompatible “opposites”, because of their respective focus on linguistic competence and general linguistic principles on the one hand, versus performance and variability on the other (Wilson and Henry 1998).	1	Formal syntactic theory and variationist sociolinguistics are often depicted as somewhat incompatible 'opposites' (Wilson and Henry 1998).	ok		ok		ok		ok	
					2	Formal syntactic theory focuses on linguistic competence and general linguistic principles (Wilson and Henry 1998).	ok		ok		ok		ok	
					3	Variationist sociolinguistics focuses on performance and variability (Wilson and Henry 1998).	ok		ok		ok		ok	
			4	However, recent studies have advocated bridging the gap between the two in analysing morpho-syntactic variation and change (Wilson and Henry 1998; Adger and Smith 2005; 2010; Cornips and Corrigan 2005a; b; Adger and Trousdale 2007; Buchstaller et al. 2013; Burnett et al. under review), with Barbiers (2005: 235) suggesting that “it is the task of sociolinguists to describe and explain the patterns of variation that occur within a linguistic community given the theoretical limits of this variation uncovered by generative linguistics [emphasis mine]”.	1	Recent studies have advocated bridging the gap between formal syntactic theory and variationist sociolinguistics in analysing morpho-syntactic variation and change (Wilson and Henry 1998; Adger and Smith 2005; 2010; Cornips and Corrigan 2005a; b; Adger and Trousdale 2007; Buchstaller et al. 2013; Burnett et al. under review).	ok		ok		ok	atomic?	ok	
					2	Barbiers (2005: 235) suggests that it is the task of sociolinguists to describe and explain the patterns of variation that occur within a linguistic community given the theoretical limits of the patterns of variation uncovered by generative linguistics.	ok		ok		problem	Barbiers (2005: 235) says that “it is the task of sociolinguists to describe and explain the patterns of variation that occur within a linguistic community given the theoretical limits of this variation uncovered by generative linguistics [emphasis mine]”.	ok	Barbiers (2005: 235) says that “it is the task of sociolinguists to describe and explain the patterns of variation that occur within a linguistic community given the theoretical limits of this variation uncovered by generative linguistics [emphasis mine]”.
			5	This paper takes such an approach and argues that integrating formal theory into variationist analysis of morpho-syntactic variation allows for: (i) more careful delimitation of the linguistic variable and its contexts, taking into consideration the constraints of the grammar; (ii) theoretically-informed decision-making as to the inclusion and exclusion of tokens; and (iii) using production data to test hypotheses that can elucidate how variants are derived from the grammar.	1	Integrating formal theory into variationist analysis of morpho-syntactic variation allows for more careful delimitation of the linguistic variable and its contexts, taking into consideration the constraints of the grammar.	ok		ok		ok		ok	
					2	Integrating formal theory into variationist analysis of morpho-syntactic variation allows for theoretically-informed decision-making as to the inclusion and exclusion of tokens.	ok		ok		ok		ok	
					3	Integrating formal theory into variationist analysis of morpho-syntactic variation allows for using production data to test hypotheses that can elucidate how variants are derived from the grammar.	ok		ok		ok		ok	
			6	Adopting this approach, my investigation focuses specifically on the alternation between not-negation (1), no-negation (2) and negative concord (3) in English.1	1	The investigation, adopting the approach of integrating formal theory into variationist analysis of morpho-syntactic variation, focuses specifically on the alternation between not-negation, no-negation, and negative concord in English.	ok		ok		ok		ok	